topic,name,name2
0,Driving simulation,Driving simulation
1,Reinforced concrete,Reinforced concrete
2,Bridge,Bridge
3,Travel time,Travel time
4,Noise,Noise
5,Optimization model,Optimization model
6,Power and energy,Power and energy
7,Sensor for detection,Sensor for detection
8,Freight port,Freight port
9,Fluid mechanics,Fluid mechanics
10,Construction project #and design,Construction project and design
11,Vehicle,Vehicle
12,Road safety,Road safety
13,Concrete materials,Concrete materials
14,Pedestrian,Pedestrian
15,Vehicle dynamics,Vehicle dynamics
16,Fatigue testing,Fatigue testing
17,Community and #neighborhood,Community and neighborhood
18,Route choice and #traffic congestion,Route choice & traffic congestion
19,Signal control,Signal control
20,Simulation model,Simulation model
21,Transportation planning #and management,Transportation planning & mgmt.
22,Model estimation #and prediction,Model estimation and prediction
23,Traffic accident #and injury,Traffic accident and injury
24,Crash and collision,Crash and collision
25,Pavement,Pavement
26,Traffic network #and communication,Traffic network & communication
27,Academic words 1,Academic words 1
28,Highway intersection,Highway intersection
29,Cost-benefit #analysis,Cost-benefit analysis
30,Emission and pollution,Emission and pollution
31,Rail,Rail
32,Systems ,Systems 
33,Air transportation,Air transportation
34,Academic words 2,Academic words 2
35,Engine,Engine
36,Data and information,Data and information
37,Transportation #sustainability,Transportation sustainability
38,Travel behavior,Travel behavior
39,Parking,Parking
40,Ship and pipeline,Ship and pipeline
41,Bicycle,Bicycle
42,Driving behavior,Driving behavior
43,Highway geometry,Highway geometry
44,Regional and #urban studies,Regional and urban studies
45,Soil and pile #foundation,Soil and pile foundation
46,Market and service,Market and service
47,Asphalt,Asphalt
48,Public transit,Public transit
49,Academic words 3,Academic words 3
